,0
0,610-0110
1,657-8050
2,163-0240
3,657-2085
4,937-4000
5,682-2160
6,652-5452
7,550-6240
8,652-0105
9,603-2186
10,611-9000
11,660-1120
12,999-0060
13,402-3121
14,550-4218
15,999-9000
16,441-0050
17,432-0212
18,668-8012
19,657-9123
20,521-1000
21,935-1116
22,657-5016
23,670-2240
24,999-3800
25,610-9008
26,639-1245
27,665-0005
28,668-4400
29,432-0208
30,611-5540
31,999-2015
32,524-0550
33,660-1435
34,656-1005
35,608-4500
36,653-0152
37,701-0020
38,439-0018
39,653-1604
40,670-9900
41,402-3606
42,165-0111
43,660-1625
44,653-1810
45,670-1240
46,664-0150
47,439-0020
48,550-5180
49,437-1200
50,951-2340
51,670-0595
52,432-0206
53,610-2705
54,639-1535
55,165-0010
56,682-1505
57,653-0320
58,657-6086
59,643-8010
60,657-9430
61,950-3536
62,643-8020
63,621-6203
64,711-0600
65,935-4202
66,702-0046
67,682-1503
68,648-1550
69,657-8045
70,664-0310
71,441-0764
72,657-9212
73,657-7054
74,520-4173
75,424-6196
76,702-0365
77,441-6740
78,702-0897
79,687-1050
80,652-3501
81,163-0301
82,935-4107
83,700-9300
84,642-0300
85,999-3150
86,670-9737
87,647-3000
88,573-1004
89,670-9255
90,441-6012
91,561-1042
92,211-0200
93,402-3190
94,643-0104
95,641-7500
96,926-3000
97,999-3900
98,550-5360
99,725-0010
100,520-4220
101,643-2151
102,634-1200
103,165-0110
104,937-4075
105,600-0001
106,610-0355
107,702-0018
108,454-0100
109,999-1400
110,653-8090
111,670-4520
112,653-0150
113,694-0055
114,603-1024
115,550-3642
116,540-1101
117,653-8055
118,608-3000
119,670-0800
120,550-6300
121,937-8510
122,653-4502
123,520-4104
124,641-5020
125,670-2003
126,621-4023
127,520-4125
128,702-1040
129,507-9240
130,503-1600
131,700-6910
132,439-0044
133,150-9120
134,682-2150
135,682-1510
136,660-3275
137,670-9727
138,670-2020
139,702-0880
140,656-0240
141,670-1160
142,150-1000
143,653-2804
144,441-6216
145,680-4150
146,657-9122
147,550-2480
148,670-3107
149,700-8000
150,550-2241
151,643-8105
152,653-0220
153,670-9280
154,670-3128
155,935-3402
156,201-1500
157,652-9002
158,936-4901
159,413-0750
160,668-3300
161,550-3518
162,660-1205
163,657-5005
164,430-0605
165,610-5791
166,951-5025
167,643-8104
168,682-1406
169,530-0105
170,610-0400
171,535-1005
172,670-9600
173,702-0909
174,683-1110
175,603-1059
176,524-0350
177,670-1020
178,670-5800
179,515-2050
180,550-5120
181,520-3216
182,315-1010
183,670-3086
184,657-8049
185,668-2200
186,670-1505
187,441-6219
188,682-1405
189,500-1011
190,670-2060
191,653-8053
192,670-5030
193,641-5025
194,657-8097
195,520-4324
196,610-0959
197,547-2024
198,149-0100
199,713-0400
200,515-2015
201,702-0220
202,711-0100
203,163-0310
204,657-9515
205,627-1010
206,656-0005
207,519-0530
208,670-4490
209,999-1100
210,702-7410
211,318-3000
212,653-8065
213,670-1600
214,657-4085
215,999-8005
216,461-1000
217,960-0550
218,402-1802
219,702-0500
220,670-2005
221,550-5480
222,441-0304
223,670-9250
224,935-6561
225,702-0052
226,165-0310
227,657-8095
228,935-1114
229,656-2050
230,165-0030
231,519-0400
232,550-3336
233,643-8200
234,670-2360
235,524-0500
236,611-5550
237,939-2305
238,607-4000
239,611-8140
240,550-4215
241,702-0905
242,682-6230
243,540-1102
244,680-6140
245,950-3300
246,656-5520
247,702-0268
248,660-1715
249,636-4101
250,653-0293
251,653-8069
252,445-0500
253,670-5010
254,682-1403
255,610-0719
256,611-3022
257,660-0006
258,660-1735
259,657-3104
260,999-9010
261,611-3000
262,657-1244
263,603-2182
264,547-2012
265,702-1057
266,310-5080
267,951-2430
268,702-0106
269,670-2700
270,682-6115
271,611-8010
272,657-9413
273,156-0100
274,656-5525
275,653-1504
276,611-5300
277,636-2070
278,439-0023
279,441-9000
280,167-1000
281,430-0210
282,154-1000
283,165-0086
284,550-6044
285,653-0410
286,441-5010
287,652-5801
288,682-1413
289,439-0050
290,520-4224
291,935-1115
292,702-0546
293,310-5140
294,682-6216
295,610-6512
296,649-0018
297,670-9400
298,702-0006
299,520-0573
300,657-5575
301,670-1330
302,611-4996
303,550-2150
304,670-7335
305,670-4530
306,446-1100
307,550-6015
308,621-6211
309,935-3602
310,520-0595
311,653-0170
312,668-4414
313,621-3126
314,657-9316
315,670-5620
316,641-6005
317,653-0230
318,660-1220
319,660-1920
320,520-3220
321,611-4003
322,670-5801
323,657-9410
324,402-3605
325,400-3101
326,665-1000
327,660-2220
328,610-0725
329,643-1452
330,935-3401
331,939-4000
332,507-9031
333,670-9740
334,603-0006
335,935-1513
336,500-3800
337,520-4330
338,702-0269
339,657-9620
340,610-2401
341,657-5515
342,999-3975
343,657-4054
344,527-0100
345,660-1225
346,520-0353
347,702-0886
348,009-3000
349,205-1000
350,668-9800
351,682-2155
352,615-1100
353,683-1061
354,520-4314
355,653-0112
356,528-0750
357,611-5002
358,999-0028
359,441-5025
360,636-1020
361,937-2000
362,683-9025
363,999-0800
364,550-2182
365,430-0160
366,439-0022
367,310-5120
368,402-1801
369,653-0160
370,641-5001
371,668-6000
372,656-5505
373,670-0802
374,935-4106
375,639-4004
376,576-1024
377,937-6050
378,432-0205
379,657-9321
380,657-9675
381,615-2540
382,999-9410
383,550-2302
384,702-0234
385,550-6020
386,656-4001
387,937-4050
388,670-9500
389,668-4412
390,611-5592
391,310-5060
392,653-0130
393,702-0161
394,702-0800
395,310-1101
396,441-0302
397,643-1138
398,500-3600
399,441-0106
400,657-9630
401,636-1022
402,670-5015
403,680-3600
404,424-5107
405,615-1000
406,665-0050
407,702-9005
408,656-3050
409,682-7062
410,550-5542
411,654-1010
412,670-3145
413,424-6089
414,702-0465
415,550-9000
416,660-4045
417,670-7000
418,439-0026
419,702-0888
420,670-2080
421,163-0527
422,550-4236
423,660-1905
424,211-0300
425,702-0135
426,550-5242
427,527-0102
428,610-1066
429,163-0520
430,657-3054
431,610-9310
432,670-7350
433,670-2040
434,441-6720
435,939-2230
436,500-3191
437,611-3021
438,550-2360
439,653-0297
440,653-4505
441,610-9099
442,452-1000
443,660-2415
444,657-5018
445,500-3120
446,900-0527
447,668-1100
448,441-6021
449,660-1930
450,641-7520
451,702-0070
452,999-1001
453,951-2425
454,610-2365
455,935-1119
456,520-1173
457,682-3666
458,653-1501
459,607-1000
460,550-5420
461,656-5535
462,441-6221
463,620-0100
464,937-4200
465,600-0020
466,670-9275
467,670-1590
468,652-6301
469,657-3000
470,623-1000
471,437-1300
472,657-5003
473,668-1105
474,433-1300
475,657-5120
476,655-6020
477,652-6502
478,621-6202
479,653-0300
480,407-0010
481,657-9235
482,940-1000
483,610-5705
484,657-5019
485,547-2014
486,431-1000
487,550-6818
488,550-3324
489,654-1003
490,682-7061
491,702-0522
492,670-1480
493,668-2233
494,682-3424
495,670-7230
496,660-2330
497,576-1006
498,657-4997
499,610-1065
500,935-3405
501,631-0103
502,656-0080
503,419-1000
504,670-0810
505,439-0108
506,653-3501
507,936-1000
508,451-1105
509,653-8060
510,610-6874
511,702-0225
512,652-2501
513,937-1000
514,652-5950
515,603-2180
516,652-6951
517,639-1350
518,670-1120
519,441-0300
520,657-5020
521,999-7520
522,647-1030
523,547-2036
524,653-4830
525,611-3100
526,682-1507
527,521-3000
528,610-1745
529,441-6032
530,636-2010
531,417-1000
532,520-2220
533,670-1900
534,682-7050
535,702-0049
536,710-9000
537,150-5010
538,951-2410
539,702-0360
540,169-0040
541,550-3542
542,432-0210
543,653-8072
544,153-1400
545,670-0705
546,652-5701
547,654-1002
548,660-3300
549,310-5070
550,657-9313
551,169-0011
552,507-0039
553,550-4230
554,643-2152
555,653-8057
556,611-5500
557,657-1054
558,653-1500
559,935-1512
560,643-1172
561,935-1117
562,204-0001
563,524-0010
564,611-3032
565,163-0539
566,402-3600
567,441-5004
568,670-9800
569,951-2255
570,702-1059
571,610-0815
572,643-8040
573,670-9225
574,413-1200
575,668-2105
576,670-7340
577,540-1202
578,561-1030
579,702-0559
580,653-4501
581,620-0200
582,700-7000
583,682-6219
584,639-2001
585,939-4005
586,660-3900
587,519-0520
588,550-4248
589,400-3131
590,635-2000
591,610-9001
592,576-1030
593,694-0065
594,702-0547
595,670-7310
596,461-4000
597,668-4313
598,636-2090
599,639-3004
600,634-1800
601,660-2435
602,682-1415
603,657-9315
604,685-2000
605,702-0469
606,621-6004
607,660-4035
608,621-6008
609,550-2181
610,520-3224
611,643-8001
612,665-0040
613,611-5551
614,647-1010
615,639-3001
616,660-1425
617,636-4120
618,550-6820
619,527-0050
620,999-3600
621,611-3031
622,643-0050
623,702-0610
624,610-2815
625,656-0050
626,550-2243
627,653-0290
628,641-5015
629,926-2500
630,702-0471
631,937-8030
632,639-2002
633,659-7015
634,670-1010
635,550-6050
636,636-5100
637,621-6002
638,525-1000
639,441-0108
640,621-6210
641,550-2301
642,550-3442
643,660-2335
644,501-2100
645,939-2315
646,163-0540
647,711-0500
648,205-1001
649,165-0060
650,550-4224
651,653-8076
652,507-9030
653,310-5100
654,657-9650
655,716-1000
656,660-0004
657,456-2015
658,504-0600
659,665-0110
660,163-0529
661,660-0024
662,653-0122
663,501-3000
664,670-7225
665,935-3205
666,939-4007
667,702-0542
668,610-9403
669,660-2245
670,550-5243
671,950-3500
672,208-0200
673,660-2325
674,610-6866
675,657-9054
676,702-0139
677,935-4205
678,670-3083
679,511-3000
680,615-2550
681,660-0008
682,653-6006
683,670-1508
684,682-9021
685,657-9243
686,702-0470
687,611-9995
688,519-0225
689,627-1140
690,999-1000
691,653-8056
692,657-1130
693,520-2416
694,657-3086
695,935-3403
696,603-2997
697,561-1018
698,935-3107
699,935-4108
700,670-1490
701,939-2232
702,621-3125
703,935-4102
704,163-1915
705,543-1100
706,670-1528
707,627-1000
708,702-1270
709,682-1450
710,641-5008
711,656-5000
712,550-5422
713,654-1001
714,670-4500
715,680-4140
716,653-6105
717,713-3001
718,657-9570
719,439-0014
720,663-0250
721,636-1036
722,638-1001
723,657-9310
724,432-0204
725,641-9912
726,999-3156
727,999-3155
728,639-5000
729,169-0006
730,670-3066
731,170-1000
732,610-5788
733,702-0179
734,657-9150
735,643-0103
736,165-0101
737,611-8040
738,520-2214
739,610-6625
740,668-4413
741,643-2153
742,501-2001
743,660-1235
744,402-3103
745,950-3545
746,639-3002
747,668-4300
748,682-6110
749,653-2603
750,653-0294
751,550-3515
752,657-9437
753,999-2010
754,670-2008
755,500-3107
756,550-2240
757,441-5001
758,519-0515
759,610-1055
760,668-2210
761,641-5005
762,702-1049
763,939-5010
764,660-2020
765,657-6085
766,610-6611
767,441-6218
768,500-3402
769,453-1000
770,611-3020
771,694-0080
772,169-0021
773,439-0052
774,668-2100
775,939-4120
776,611-3030
777,550-5080
778,171-0030
779,400-3206
780,540-1201
781,702-0895
782,694-1000
783,657-5017
784,611-4001
785,670-2500
786,610-6872
787,653-4810
788,439-0019
789,420-0020
790,621-4086
791,719-1000
792,424-6201
793,430-0195
794,507-9563
795,653-2611
796,639-4014
797,573-1010
798,935-4207
799,550-5483
800,441-5024
801,670-2120
802,643-8030
803,653-0205
804,660-0010
805,441-7014
806,670-4848
807,550-5240
808,702-0050
809,702-0159
810,660-0012
811,936-1010
812,935-5050
813,163-0541
814,659-5013
815,610-1840
816,936-4903
817,225-4840
818,935-3106
819,402-3141
820,441-0754
821,163-0503
822,641-5012
823,682-6222
824,682-2145
825,951-5220
826,561-1054
827,670-9738
828,441-6745
829,209-0201
830,653-1811
831,670-0815
832,638-1005
833,936-4000
834,702-0555
835,500-3101
836,610-7010
837,550-5482
838,653-0140
839,507-0033
840,653-0105
841,668-2231
842,670-9905
843,573-2008
844,657-5002
845,711-0300
846,653-1806
847,653-1502
848,670-9741
849,150-0009
850,702-0350
851,535-1105
852,702-9025
853,653-8025
854,441-4050
855,657-2054
856,668-8011
857,520-1318
858,937-3015
859,550-4136
860,682-1412
861,668-8015
862,935-1112
863,437-2600
864,652-0110
865,441-0756
866,682-9023
867,660-0824
868,150-7010
869,632-0003
870,939-4110
871,999-1500
872,520-3416
873,668-2115
874,520-1314
875,706-1003
876,680-5265
877,165-0095
878,665-0105
879,437-2571
880,652-6501
881,951-5020
882,150-9110
883,653-8074
884,937-6150
885,670-7220
886,550-6062
887,500-5000
888,682-6226
889,621-6001
890,653-0415
891,520-0589
892,694-0070
893,520-1330
894,165-0087
895,611-8120
896,652-5451
897,657-1104
898,702-0684
899,682-3428
900,653-0133
901,402-3143
902,430-0180
903,950-5220
904,577-1100
905,702-0105
906,550-3636
907,550-5540
908,610-6520
909,509-0001
910,169-0010
911,653-8061
912,550-4130
913,653-8095
914,670-1518
915,935-3102
916,609-1000
917,636-5031
918,999-9750
919,999-0043
920,627-1020
921,653-0298
922,664-0400
923,653-8026
924,702-1070
925,663-0105
926,660-0804
927,643-2156
928,163-0531
929,639-1240
930,611-5001
931,611-8057
932,660-4025
933,639-4001
934,520-2418
935,653-0190
936,169-0005
937,670-3087
938,660-1935
939,415-5000
940,610-6605
941,935-3206
942,520-1151
943,621-6200
944,507-8900
945,657-3085
946,638-1003
947,935-1113
948,514-0500
949,520-0597
950,657-9540
951,668-4312
952,500-3900
953,430-0211
954,682-2120
955,694-0075
956,631-2343
957,643-1153
958,550-3618
959,603-2181
960,441-0014
961,576-1036
962,441-5008
963,449-3805
964,659-7010
965,702-0678
966,643-1152
967,507-9034
968,702-0918
969,682-6322
970,231-1250
971,208-0500
972,215-4000
973,301-6000
974,610-1575
975,653-0100
976,935-3202
977,627-1120
978,951-2295
979,702-0575
980,682-1417
981,653-6210
982,653-8078
983,936-4950
984,652-9000
985,643-0155
986,653-0180
987,500-0100
988,570-1000
989,610-1730
990,641-2100
991,664-0300
992,436-1000
993,999-1005
994,647-6057
995,590-1000
996,446-1200
997,610-0100
998,937-6010
999,611-5460
1000,900-0526
1001,611-5380
1002,648-1350
1003,639-3003
1004,643-2163
1005,999-0250
1006,439-0024
1007,318-1000
1008,702-0058
1009,660-2040
1010,702-0630
1011,702-1120
1012,657-6054
1013,621-4020
1014,951-2305
1015,653-4503
1016,209-0203
1017,926-2075
1018,500-3002
1019,641-1100
1020,653-2604
1021,657-9210
1022,680-6120
1023,550-3615
1024,636-1033
1025,643-8000
1026,647-1000
1027,627-1100
1028,653-6200
1029,670-0710
1030,670-1060
1031,660-2600
1032,936-4902
1033,433-1000
1034,670-9260
1035,550-3415
1036,550-6026
1037,702-0283
1038,680-4225
1039,670-3108
1040,702-0060
1041,636-1072
1042,694-0100
1043,670-1085
1044,682-9028
1045,402-3133
1046,520-4214
1047,441-6743
1048,935-3108
1049,702-0560
1050,951-2455
1051,667-1000
1052,520-3214
1053,507-9002
1054,657-1085
1055,670-9720
1056,611-5572
1057,670-1040
1058,520-4147
1059,937-8010
1060,680-6150
1061,402-3130
1062,520-1104
1063,670-9731
1064,528-0501
1065,936-8500
1066,603-2012
1067,660-4040
1068,937-3500
1069,432-0305
1070,657-9124
1071,647-3100
1072,666-0020
1073,660-2070
1074,652-0100
1075,310-1201
1076,713-0300
1077,647-6250
1078,670-2006
1079,611-8050
1080,653-2606
1081,999-4100
1082,653-0296
1083,657-9211
1084,610-2402
1085,680-5245
1086,999-7500
1087,432-0211
1088,702-0414
1089,653-3502
1090,610-5787
1091,520-1179
1092,935-3120
1093,665-0250
1094,638-1013
1095,652-5900
1096,507-0010
1097,716-2000
1098,610-1725
1099,301-5000
1100,163-0501
1101,702-1044
1102,441-6718
1103,652-0094
1104,456-2022
1105,441-0740
1106,603-2048
1107,456-2012
1108,610-1005
1109,935-4010
1110,670-2100
1111,610-9401
1112,441-5020
1113,682-6221
1114,441-6022
1115,668-4311
1116,607-3000
1117,936-4200
1118,643-8405
1119,942-1000
1120,999-9015
1121,518-1000
1122,702-1220
1123,603-1018
1124,702-7501
1125,670-4540
1126,163-0535
1127,441-0004
1128,430-0600
1129,610-2397
1130,657-9510
1131,610-2385
1132,456-2020
1133,682-1504
1134,665-0100
1135,657-7085
1136,670-7250
1137,666-0010
1138,665-0070
1139,653-3810
1140,610-0716
1141,441-0748
1142,653-0291
1143,432-5010
1144,550-3000
1145,657-9230
1146,656-0100
1147,550-5362
1148,670-1650
1149,441-7013
1150,694-0060
1151,163-0502
1152,950-3510
1153,610-9230
1154,656-5500
1155,165-0071
1156,660-0808
1157,939-8000
1158,668-3312
1159,647-6200
1160,432-0214
1161,550-6824
1162,636-5010
1163,937-4100
1164,441-5002
1165,653-6004
1166,670-9743
1167,153-1300
1168,621-6201
1169,702-0330
1170,643-1133
1171,653-0235
1172,653-8062
1173,665-0020
1174,937-4300
1175,664-0100
1176,610-5815
1177,647-1020
1178,657-9320
1179,999-0125
1180,611-5280
1181,550-3436
1182,611-5588
1183,301-4161
1184,950-5025
1185,951-2450
1186,668-3311
1187,603-6008
1188,657-9246
1189,611-3001
1190,550-4124
1191,550-4418
1192,682-1304
1193,611-5015
1194,631-2463
1195,670-9450
1196,631-0021
1197,702-0063
1198,655-6030
1199,624-0470
1200,402-4510
1201,657-5065
1202,652-0120
1203,533-0010
1204,550-3318
1205,647-6300
1206,652-6900
1207,520-4218
1208,611-5029
1209,702-0030
1210,610-9407
1211,682-2170
1212,550-4212
1213,603-2030
1214,165-0112
1215,656-3600
1216,541-0001
1217,713-3002
1218,670-2140
1219,670-0801
1220,439-0021
1221,670-1100
1222,683-6675
1223,507-9032
1224,694-0050
1225,936-4904
1226,550-5183
1227,520-2218
1228,713-3012
1229,457-1015
1230,653-8051
1231,653-8073
1232,702-0479
1233,670-9245
1234,621-6212
1235,150-2000
1236,527-0103
1237,441-0214
1238,636-9094
1239,610-9402
1240,500-1006
1241,670-5060
1242,670-5640
1243,660-2345
1244,660-1500
1245,670-2002
1246,702-1091
1247,653-3812
1248,668-1115
1249,457-1010
1250,653-8030
1251,516-0001
1252,702-0282
1253,611-5591
1254,642-0400
1255,610-6515
1256,670-9725
1257,649-0027
1258,636-1077
1259,702-1034
1260,660-0830
1261,653-6100
1262,682-6130
1263,999-7600
1264,670-8050
1265,682-6224
1266,610-0714
1267,939-4060
1268,700-9400
1269,507-1021
1270,670-5750
1271,550-4242
1272,670-1360
1273,670-9736
1274,461-2000
1275,610-0301
1276,207-0203
1277,576-1015
1278,668-7018
1279,670-9710
1280,657-5525
1281,603-2184
1282,210-0200
1283,610-6865
1284,653-0292
1285,652-2502
1286,441-0018
1287,939-6000
1288,657-9244
1289,653-0270
1290,660-0818
1291,523-1100
1292,682-1407
1293,636-3000
1294,643-5000
1295,611-5360
1296,660-4020
1297,520-4316
1298,441-3999
1299,935-5060
1300,656-1050
1301,680-5255
1302,520-2224
1303,660-1110
1304,670-7215
1305,501-2000
1306,441-0204
1307,657-9180
1308,550-5423
1309,660-2445
1310,402-3101
1311,611-3002
1312,520-4179
1313,636-1081
1314,402-3113
1315,660-3225
1316,702-0981
1317,550-6038
1318,950-3535
1319,657-8046
1320,664-0610
1321,657-9550
1322,610-2370
1323,424-5090
1324,310-5050
1325,670-0125
1326,636-5020
1327,665-0015
1328,643-0105
1329,657-9610
1330,500-3200
1331,670-1500
1332,507-9572
1333,624-0450
1334,653-3602
1335,657-9111
1336,682-3490
1337,611-4997
1338,639-4003
1339,432-4000
1340,402-1812
1341,647-1050
1342,939-2235
1343,441-6222
1344,653-4804
1345,610-6015
1346,611-4890
1347,520-4320
1348,653-0240
1349,702-1245
1350,544-1000
1351,507-9003
1352,507-9584
1353,610-5828
1354,603-6012
1355,660-1150
1356,657-9252
1357,682-6108
1358,668-8014
1359,657-5014
1360,653-8077
1361,935-3502
1362,702-0507
1363,402-1803
1364,210-0250
1365,610-6945
1366,660-1215
1367,520-2414
1368,682-1506
1369,653-2501
1370,687-1000
1371,500-3201
1372,550-6822
1373,670-3190
1374,670-9910
1375,439-0025
1376,641-1200
1377,550-2300
1378,702-0262
1379,444-1000
1380,659-7035
1381,999-3110
1382,682-6225
1383,638-1011
1384,670-7360
1385,939-4040
1386,635-1000
1387,670-3150
1388,653-8063
1389,212-1000
1390,165-0041
1391,441-5057
1392,668-5000
1393,683-6375
1394,657-4998
1395,653-3804
1396,550-3100
1397,647-2510
1398,433-1100
1399,682-7043
1400,682-1305
1401,407-0030
1402,653-1503
1403,652-0091
1404,680-5250
1405,680-5270
1406,670-7240
1407,653-0299
1408,999-5200
1409,656-5521
1410,500-9999
1411,617-0510
1412,682-6231
1413,163-0550
1414,550-3448
1415,950-3540
1416,441-4030
1417,501-3001
1418,702-0855
1419,621-6213
1420,926-2104
1421,647-6086
1422,217-1500
1423,670-9920
1424,527-0101
1425,430-0220
1426,653-8070
1427,668-2110
1428,520-3414
1429,653-8050
1430,708-1000
1431,643-4000
1432,652-3502
1433,653-0120
1434,207-2003
1435,680-4235
1436,610-1076
1437,432-0216
1438,653-2605
1439,402-3192
1440,621-5503
1441,163-0232
1442,581-1000
1443,407-0020
1444,660-2115
1445,201-1600
1446,682-1408
1447,660-2405
1448,670-9285
1449,655-5000
1450,573-2006
1451,621-6005
1452,668-7015
1453,653-0110
1454,657-9535
1455,670-3127
1456,611-5485
1457,951-5000
1458,653-8031
1459,682-2110
1460,641-6000
1461,603-2018
1462,657-1110
1463,701-0010
1464,402-3100
1465,169-0016
1466,939-2250
1467,682-1404
1468,636-5030
1469,702-0054
1470,702-0180
1471,657-9545
1472,639-3014
1473,937-8000
1474,670-0805
1475,702-0140
1476,937-6100
1477,621-4022
1478,668-1110
1479,682-3668
1480,660-0502
1481,561-1048
1482,682-2140
1483,670-1065
1484,441-0006
1485,402-4514
1486,999-0500
1487,951-5010
1488,413-1250
1489,165-0096
1490,611-3010
1491,682-6321
1492,550-5363
1493,163-0542
1494,702-0265
1495,702-0640
1496,610-1735
1497,653-1804
1498,500-3700
1499,682-6520
1500,576-1012
1501,610-1700
1502,550-3530
1503,647-5230
1504,636-5011
1505,500-3110
1506,647-6085
1507,670-7320
1508,657-9447
1509,682-6120
1510,657-9435
1511,647-0220
1512,670-1080
1513,449-1350
1514,652-9001
1515,643-8210
1516,429-1000
1517,668-1210
1518,610-6873
1519,441-0746
1520,500-2110
1521,500-3017
1522,507-9545
1523,520-4216
1524,516-1100
1525,500-3115
1526,702-0212
1527,700-8100
1528,441-4020
1529,702-0825
1530,507-5129
1531,682-1509
1532,660-2042
1533,441-5003
1534,636-1080
1535,603-6006
1536,680-4230
1537,653-6215
1538,670-4000
1539,702-0051
1540,576-1010
1541,507-0027
1542,441-4040
1543,550-2180
1544,657-9215
1545,682-7042
1546,432-0350
1547,654-1007
1548,660-2045
1549,937-8530
1550,424-5007
1551,561-1024
1552,670-9290
1553,643-8103
1554,603-2036
1555,682-9950
1556,653-0260
1557,653-0400
1558,935-4103
1559,631-0101
1560,660-2043
1561,670-5000
1562,657-4996
1563,550-5303
1564,611-5480
1565,937-8020
1566,433-1200
1567,636-2080
1568,550-6056
1569,520-5000
1570,522-1000
1571,441-0303
1572,611-8020
1573,165-0085
1574,657-4999
1575,441-0104
1576,572-1000
1577,163-0528
1578,441-5007
1579,520-3418
1580,668-7000
1581,507-9033
1582,713-3011
1583,550-2420
1584,935-1118
1585,457-1005
1586,534-1000
1587,643-8300
1588,682-6236
1589,636-1045
1590,670-1140
1591,670-3170
1592,659-5011
1593,520-1316
1594,939-4201
1595,531-1000
1596,668-1200
1597,520-4151
1598,610-7015
1599,610-2380
1600,550-5602
1601,576-1018
1602,402-1818
1603,400-3205
1604,652-5301
1605,514-1000
1606,550-6828
1607,935-1511
1608,936-8000
1609,627-1160
1610,702-0682
1611,653-6110
1612,660-3550
1613,653-0210
1614,165-0105
1615,643-1137
1616,670-2160
1617,660-1530
1618,659-7005
1619,610-0200
1620,643-1171
1621,664-0450
1622,657-9214
1623,573-2004
1624,657-5555
1625,702-0980
1626,169-0020
1627,610-6510
1628,680-4110
1629,950-3570
1630,611-5589
1631,507-9035
1632,653-1906
1633,610-2395
1634,702-0977
1635,449-3800
1636,939-2300
1637,550-5150
1638,663-0255
1639,310-5040
1640,163-0543
1641,653-8075
1642,657-5060
1643,702-0120
1644,550-6180
1645,615-2555
1646,655-7000
1647,158-1000
1648,208-0100
1649,610-6610
1650,528-0500
1651,520-1125
1652,657-1243
1653,664-0600
1654,935-4402
1655,702-0041
1656,621-6013
1657,550-6806
1658,550-6032
1659,639-1235
1660,664-0155
1661,643-0010
1662,206-0002
1663,670-2200
1664,657-5001
1665,205-0210
1666,205-0001
1667,420-0030
1668,682-6125
1669,603-2024
1670,694-0010
1671,402-3818
1672,150-9011
1673,110-1000
1674,657-9615
1675,653-0095
1676,430-0200
1677,520-0242
1678,636-1041
1679,702-0675
1680,550-3630
1681,670-1200
1682,603-7000
1683,307-0001
1684,232-4000
1685,670-7315
1686,939-4100
1687,520-2216
1688,653-0132
1689,550-3624
1690,550-5300
1691,680-5260
1692,668-3313
1693,935-3201
1694,670-0535
1695,653-2502
1696,935-3105
1697,439-0016
1698,935-4105
1699,653-0330
1700,500-2100
1701,550-3536
1702,664-0455
1703,665-0060
1704,670-9895
1705,935-3603
1706,652-0095
1707,161-1000
1708,500-3650
1709,680-5275
1710,682-9020
1711,507-1024
1712,653-2810
1713,670-0515
1714,951-5125
1715,668-4411
1716,702-1015
1717,627-1180
1718,682-2130
1719,621-4070
1720,643-1151
1721,641-2200
1722,402-3111
1723,999-0033
1724,670-3015
1725,656-5550
1726,680-6130
1727,999-0025
1728,653-1706
1729,683-1101
1730,937-6000
1731,657-8150
1732,653-0420
1733,150-0008
1734,668-3314
1735,900-0039
1736,402-3814
1737,639-4002
1738,670-4450
1739,937-8500
1740,550-5182
1741,656-5510
1742,653-8085
1743,550-5600
1744,441-5052
1745,670-2800
1746,670-5700
1747,608-1010
1748,670-3166
1749,935-3103
1750,441-7012
1751,439-0056
1752,711-0400
1753,550-5302
1754,611-8055
1755,165-1500
1756,754-5000
1757,449-1605
1758,636-3010
1759,627-1030
1760,441-7011
1761,610-0300
1762,210-0100
1763,939-2390
1764,643-8106
1765,315-1000
1766,665-0010
1767,937-3550
1768,550-4142
1769,937-6040
1770,668-6106
1771,754-4000
1772,670-0700
1773,524-0300
1774,520-3218
1775,170-2000
1776,527-0500
1777,455-1000
1778,682-6540
1779,167-1500
1780,682-9022
1781,935-4502
1782,657-9317
1783,550-3524
1784,660-3015
1785,670-3175
1786,660-1245
1787,441-0600
1788,550-3424
1789,702-1030
1790,456-2025
1791,665-0030
1792,660-2420
1793,939-2237
1794,647-1040
1795,441-0016
1796,520-1147
1797,935-3501
1798,702-0785
1799,621-4021
1800,660-4055
1801,657-9110
1802,670-0803
1803,520-4318
1804,682-6233
1805,702-0165
1806,633-5000
1807,641-5006
1808,611-6700
1809,520-1324
1810,657-9245
1811,610-2383
1812,657-1084
1813,430-0190
1814,937-8520
1815,702-0579
1816,935-3407
1817,668-8013
1818,550-3330
1819,660-0806
1820,165-0050
1821,611-5400
1822,900-0037
1823,643-0204
1824,550-4118
1825,301-4171
1826,999-9001
1827,657-5535
1828,702-0719
1829,951-2435
1830,935-8000
1831,169-0015
1832,657-9607
1833,163-1930
1834,702-0901
1835,611-8000
1836,573-1006
1837,402-3102
1838,702-0803
1839,702-0922
1840,610-0306
1841,660-0810
1842,611-4990
1843,500-3104
1844,663-0100
1845,999-7510
1846,550-3430
1847,610-1075
1848,653-2602
1849,643-1132
1850,670-3171
1851,660-2320
1852,165-0107
1853,610-9006
1854,610-2845
1855,702-0908
1856,670-9730
1857,515-2020
1858,610-2355
1859,682-8100
1860,621-6003
1861,711-0200
1862,682-3485
1863,682-6223
1864,550-3418
1865,441-4130
1866,527-0550
1867,520-1320
1868,610-6545
1869,670-5020
1870,171-0010
1871,610-9000
1872,670-3129
1873,702-0756
1874,936-4050
1875,511-1000
1876,225-9001
1877,657-9449
1878,653-1704
1879,657-2086
1880,639-1600
1881,446-2118
1882,668-5020
1883,437-1571
1884,441-0301
1885,636-4104
1886,621-4082
1887,657-9216
1888,642-0100
1889,670-4510
